{
  "ABIRoot": {
    "kind": "Root",
    "name": "YEOLiveness",
    "printedName": "YEOLiveness",
    "children": [
      {
        "kind": "TypeDecl",
        "name": "YEOLivenessConfigDefaults",
        "printedName": "YEOLivenessConfigDefaults",
        "declKind": "Enum",
        "usr": "s:11YEOLiveness0A14ConfigDefaultsO",
        "mangledName": "$s11YEOLiveness0A14ConfigDefaultsO",
        "moduleName": "YEOLiveness",
        "declAttributes": [
          "AccessControl",
          "RawDocComment"
        ],
        "conformances": [
          {
            "kind": "Conformance",
            "name": "Copyable",
            "printedName": "Copyable",
            "usr": "s:s8CopyableP",
            "mangledName": "$ss8CopyableP"
          },
          {
            "kind": "Conformance",
            "name": "Escapable",
            "printedName": "Escapable",
            "usr": "s:s9EscapableP",
            "mangledName": "$ss9EscapableP"
          }
        ]
      },
      {
        "kind": "TypeDecl",
        "name": "YEOLivenessConfigurable",
        "printedName": "YEOLivenessConfigurable",
        "children": [
          {
            "kind": "Var",
            "name": "EMAThreshold",
            "printedName": "EMAThreshold",
            "children": [
              {
                "kind": "TypeNominal",
                "name": "Float",
                "printedName": "Swift.Float",
                "usr": "s:Sf"
              }
            ],
            "declKind": "Var",
            "usr": "s:11YEOLiveness0A12ConfigurableP12EMAThresholdSfvp",
            "mangledName": "$s11YEOLiveness0A12ConfigurableP12EMAThresholdSfvp",
            "moduleName": "YEOLiveness",
            "protocolReq": true,
            "accessors": [
              {
                "kind": "Accessor",
                "name": "Get",
                "printedName": "Get()",
                "children": [
                  {
                    "kind": "TypeNominal",
                    "name": "Float",
                    "printedName": "Swift.Float",
                    "usr": "s:Sf"
                  }
                ],
                "declKind": "Accessor",
                "usr": "s:11YEOLiveness0A12ConfigurableP12EMAThresholdSfvg",
                "mangledName": "$s11YEOLiveness0A12ConfigurableP12EMAThresholdSfvg",
                "moduleName": "YEOLiveness",
                "genericSig": "<τ_0_0 where τ_0_0 : YEOLiveness.YEOLivenessConfigurable>",
                "sugared_genericSig": "<Self where Self : YEOLiveness.YEOLivenessConfigurable>",
                "protocolReq": true,
                "reqNewWitnessTableEntry": true,
                "accessorKind": "get"
              },
              {
                "kind": "Accessor",
                "name": "Set",
                "printedName": "Set()",
                "children": [
                  {
                    "kind": "TypeNominal",
                    "name": "Void",
                    "printedName": "()"
                  },
                  {
                    "kind": "TypeNominal",
                    "name": "Float",
                    "printedName": "Swift.Float",
                    "usr": "s:Sf"
                  }
                ],
                "declKind": "Accessor",
                "usr": "s:11YEOLiveness0A12ConfigurableP12EMAThresholdSfvs",
                "mangledName": "$s11YEOLiveness0A12ConfigurableP12EMAThresholdSfvs",
                "moduleName": "YEOLiveness",
                "genericSig": "<τ_0_0 where τ_0_0 : YEOLiveness.YEOLivenessConfigurable>",
                "sugared_genericSig": "<Self where Self : YEOLiveness.YEOLivenessConfigurable>",
                "protocolReq": true,
                "reqNewWitnessTableEntry": true,
                "accessorKind": "set"
              },
              {
                "kind": "Accessor",
                "name": "Modify",
                "printedName": "Modify()",
                "children": [
                  {
                    "kind": "TypeNominal",
                    "name": "Void",
                    "printedName": "()"
                  }
                ],
                "declKind": "Accessor",
                "usr": "s:11YEOLiveness0A12ConfigurableP12EMAThresholdSfvM",
                "mangledName": "$s11YEOLiveness0A12ConfigurableP12EMAThresholdSfvM",
                "moduleName": "YEOLiveness",
                "genericSig": "<τ_0_0 where τ_0_0 : YEOLiveness.YEOLivenessConfigurable>",
                "sugared_genericSig": "<Self where Self : YEOLiveness.YEOLivenessConfigurable>",
                "protocolReq": true,
                "implicit": true,
                "reqNewWitnessTableEntry": true,
                "accessorKind": "_modify"
              }
            ]
          },
          {
            "kind": "Var",
            "name": "EMAThresholdDuration",
            "printedName": "EMAThresholdDuration",
            "children": [
              {
                "kind": "TypeNominal",
                "name": "Double",
                "printedName": "Swift.Double",
                "usr": "s:Sd"
              }
            ],
            "declKind": "Var",
            "usr": "s:11YEOLiveness0A12ConfigurableP20EMAThresholdDurationSdvp",
            "mangledName": "$s11YEOLiveness0A12ConfigurableP20EMAThresholdDurationSdvp",
            "moduleName": "YEOLiveness",
            "protocolReq": true,
            "accessors": [
              {
                "kind": "Accessor",
                "name": "Get",
                "printedName": "Get()",
                "children": [
                  {
                    "kind": "TypeNominal",
                    "name": "Double",
                    "printedName": "Swift.Double",
                    "usr": "s:Sd"
                  }
                ],
                "declKind": "Accessor",
                "usr": "s:11YEOLiveness0A12ConfigurableP20EMAThresholdDurationSdvg",
                "mangledName": "$s11YEOLiveness0A12ConfigurableP20EMAThresholdDurationSdvg",
                "moduleName": "YEOLiveness",
                "genericSig": "<τ_0_0 where τ_0_0 : YEOLiveness.YEOLivenessConfigurable>",
                "sugared_genericSig": "<Self where Self : YEOLiveness.YEOLivenessConfigurable>",
                "protocolReq": true,
                "reqNewWitnessTableEntry": true,
                "accessorKind": "get"
              },
              {
                "kind": "Accessor",
                "name": "Set",
                "printedName": "Set()",
                "children": [
                  {
                    "kind": "TypeNominal",
                    "name": "Void",
                    "printedName": "()"
                  },
                  {
                    "kind": "TypeNominal",
                    "name": "Double",
                    "printedName": "Swift.Double",
                    "usr": "s:Sd"
                  }
                ],
                "declKind": "Accessor",
                "usr": "s:11YEOLiveness0A12ConfigurableP20EMAThresholdDurationSdvs",
                "mangledName": "$s11YEOLiveness0A12ConfigurableP20EMAThresholdDurationSdvs",
                "moduleName": "YEOLiveness",
                "genericSig": "<τ_0_0 where τ_0_0 : YEOLiveness.YEOLivenessConfigurable>",
                "sugared_genericSig": "<Self where Self : YEOLiveness.YEOLivenessConfigurable>",
                "protocolReq": true,
                "reqNewWitnessTableEntry": true,
                "accessorKind": "set"
              },
              {
                "kind": "Accessor",
                "name": "Modify",
                "printedName": "Modify()",
                "children": [
                  {
                    "kind": "TypeNominal",
                    "name": "Void",
                    "printedName": "()"
                  }
                ],
                "declKind": "Accessor",
                "usr": "s:11YEOLiveness0A12ConfigurableP20EMAThresholdDurationSdvM",
                "mangledName": "$s11YEOLiveness0A12ConfigurableP20EMAThresholdDurationSdvM",
                "moduleName": "YEOLiveness",
                "genericSig": "<τ_0_0 where τ_0_0 : YEOLiveness.YEOLivenessConfigurable>",
                "sugared_genericSig": "<Self where Self : YEOLiveness.YEOLivenessConfigurable>",
                "protocolReq": true,
                "implicit": true,
                "reqNewWitnessTableEntry": true,
                "accessorKind": "_modify"
              }
            ]
          },
          {
            "kind": "Var",
            "name": "EMAScore",
            "printedName": "EMAScore",
            "children": [
              {
                "kind": "TypeNominal",
                "name": "Float",
                "printedName": "Swift.Float",
                "usr": "s:Sf"
              }
            ],
            "declKind": "Var",
            "usr": "s:11YEOLiveness0A12ConfigurableP8EMAScoreSfvp",
            "mangledName": "$s11YEOLiveness0A12ConfigurableP8EMAScoreSfvp",
            "moduleName": "YEOLiveness",
            "protocolReq": true,
            "accessors": [
              {
                "kind": "Accessor",
                "name": "Get",
                "printedName": "Get()",
                "children": [
                  {
                    "kind": "TypeNominal",
                    "name": "Float",
                    "printedName": "Swift.Float",
                    "usr": "s:Sf"
                  }
                ],
                "declKind": "Accessor",
                "usr": "s:11YEOLiveness0A12ConfigurableP8EMAScoreSfvg",
                "mangledName": "$s11YEOLiveness0A12ConfigurableP8EMAScoreSfvg",
                "moduleName": "YEOLiveness",
                "genericSig": "<τ_0_0 where τ_0_0 : YEOLiveness.YEOLivenessConfigurable>",
                "sugared_genericSig": "<Self where Self : YEOLiveness.YEOLivenessConfigurable>",
                "protocolReq": true,
                "reqNewWitnessTableEntry": true,
                "accessorKind": "get"
              },
              {
                "kind": "Accessor",
                "name": "Set",
                "printedName": "Set()",
                "children": [
                  {
                    "kind": "TypeNominal",
                    "name": "Void",
                    "printedName": "()"
                  },
                  {
                    "kind": "TypeNominal",
                    "name": "Float",
                    "printedName": "Swift.Float",
                    "usr": "s:Sf"
                  }
                ],
                "declKind": "Accessor",
                "usr": "s:11YEOLiveness0A12ConfigurableP8EMAScoreSfvs",
                "mangledName": "$s11YEOLiveness0A12ConfigurableP8EMAScoreSfvs",
                "moduleName": "YEOLiveness",
                "genericSig": "<τ_0_0 where τ_0_0 : YEOLiveness.YEOLivenessConfigurable>",
                "sugared_genericSig": "<Self where Self : YEOLiveness.YEOLivenessConfigurable>",
                "protocolReq": true,
                "reqNewWitnessTableEntry": true,
                "accessorKind": "set"
              },
              {
                "kind": "Accessor",
                "name": "Modify",
                "printedName": "Modify()",
                "children": [
                  {
                    "kind": "TypeNominal",
                    "name": "Void",
                    "printedName": "()"
                  }
                ],
                "declKind": "Accessor",
                "usr": "s:11YEOLiveness0A12ConfigurableP8EMAScoreSfvM",
                "mangledName": "$s11YEOLiveness0A12ConfigurableP8EMAScoreSfvM",
                "moduleName": "YEOLiveness",
                "genericSig": "<τ_0_0 where τ_0_0 : YEOLiveness.YEOLivenessConfigurable>",
                "sugared_genericSig": "<Self where Self : YEOLiveness.YEOLivenessConfigurable>",
                "protocolReq": true,
                "implicit": true,
                "reqNewWitnessTableEntry": true,
                "accessorKind": "_modify"
              }
            ]
          },
          {
            "kind": "Var",
            "name": "EMAAlpha",
            "printedName": "EMAAlpha",
            "children": [
              {
                "kind": "TypeNominal",
                "name": "Float",
                "printedName": "Swift.Float",
                "usr": "s:Sf"
              }
            ],
            "declKind": "Var",
            "usr": "s:11YEOLiveness0A12ConfigurableP8EMAAlphaSfvp",
            "mangledName": "$s11YEOLiveness0A12ConfigurableP8EMAAlphaSfvp",
            "moduleName": "YEOLiveness",
            "protocolReq": true,
            "accessors": [
              {
                "kind": "Accessor",
                "name": "Get",
                "printedName": "Get()",
                "children": [
                  {
                    "kind": "TypeNominal",
                    "name": "Float",
                    "printedName": "Swift.Float",
                    "usr": "s:Sf"
                  }
                ],
                "declKind": "Accessor",
                "usr": "s:11YEOLiveness0A12ConfigurableP8EMAAlphaSfvg",
                "mangledName": "$s11YEOLiveness0A12ConfigurableP8EMAAlphaSfvg",
                "moduleName": "YEOLiveness",
                "genericSig": "<τ_0_0 where τ_0_0 : YEOLiveness.YEOLivenessConfigurable>",
                "sugared_genericSig": "<Self where Self : YEOLiveness.YEOLivenessConfigurable>",
                "protocolReq": true,
                "reqNewWitnessTableEntry": true,
                "accessorKind": "get"
              },
              {
                "kind": "Accessor",
                "name": "Set",
                "printedName": "Set()",
                "children": [
                  {
                    "kind": "TypeNominal",
                    "name": "Void",
                    "printedName": "()"
                  },
                  {
                    "kind": "TypeNominal",
                    "name": "Float",
                    "printedName": "Swift.Float",
                    "usr": "s:Sf"
                  }
                ],
                "declKind": "Accessor",
                "usr": "s:11YEOLiveness0A12ConfigurableP8EMAAlphaSfvs",
                "mangledName": "$s11YEOLiveness0A12ConfigurableP8EMAAlphaSfvs",
                "moduleName": "YEOLiveness",
                "genericSig": "<τ_0_0 where τ_0_0 : YEOLiveness.YEOLivenessConfigurable>",
                "sugared_genericSig": "<Self where Self : YEOLiveness.YEOLivenessConfigurable>",
                "protocolReq": true,
                "reqNewWitnessTableEntry": true,
                "accessorKind": "set"
              },
              {
                "kind": "Accessor",
                "name": "Modify",
                "printedName": "Modify()",
                "children": [
                  {
                    "kind": "TypeNominal",
                    "name": "Void",
                    "printedName": "()"
                  }
                ],
                "declKind": "Accessor",
                "usr": "s:11YEOLiveness0A12ConfigurableP8EMAAlphaSfvM",
                "mangledName": "$s11YEOLiveness0A12ConfigurableP8EMAAlphaSfvM",
                "moduleName": "YEOLiveness",
                "genericSig": "<τ_0_0 where τ_0_0 : YEOLiveness.YEOLivenessConfigurable>",
                "sugared_genericSig": "<Self where Self : YEOLiveness.YEOLivenessConfigurable>",
                "protocolReq": true,
                "implicit": true,
                "reqNewWitnessTableEntry": true,
                "accessorKind": "_modify"
              }
            ]
          },
          {
            "kind": "Var",
            "name": "EMATimeout",
            "printedName": "EMATimeout",
            "children": [
              {
                "kind": "TypeNominal",
                "name": "Double",
                "printedName": "Swift.Double",
                "usr": "s:Sd"
              }
            ],
            "declKind": "Var",
            "usr": "s:11YEOLiveness0A12ConfigurableP10EMATimeoutSdvp",
            "mangledName": "$s11YEOLiveness0A12ConfigurableP10EMATimeoutSdvp",
            "moduleName": "YEOLiveness",
            "protocolReq": true,
            "accessors": [
              {
                "kind": "Accessor",
                "name": "Get",
                "printedName": "Get()",
                "children": [
                  {
                    "kind": "TypeNominal",
                    "name": "Double",
                    "printedName": "Swift.Double",
                    "usr": "s:Sd"
                  }
                ],
                "declKind": "Accessor",
                "usr": "s:11YEOLiveness0A12ConfigurableP10EMATimeoutSdvg",
                "mangledName": "$s11YEOLiveness0A12ConfigurableP10EMATimeoutSdvg",
                "moduleName": "YEOLiveness",
                "genericSig": "<τ_0_0 where τ_0_0 : YEOLiveness.YEOLivenessConfigurable>",
                "sugared_genericSig": "<Self where Self : YEOLiveness.YEOLivenessConfigurable>",
                "protocolReq": true,
                "reqNewWitnessTableEntry": true,
                "accessorKind": "get"
              },
              {
                "kind": "Accessor",
                "name": "Set",
                "printedName": "Set()",
                "children": [
                  {
                    "kind": "TypeNominal",
                    "name": "Void",
                    "printedName": "()"
                  },
                  {
                    "kind": "TypeNominal",
                    "name": "Double",
                    "printedName": "Swift.Double",
                    "usr": "s:Sd"
                  }
                ],
                "declKind": "Accessor",
                "usr": "s:11YEOLiveness0A12ConfigurableP10EMATimeoutSdvs",
                "mangledName": "$s11YEOLiveness0A12ConfigurableP10EMATimeoutSdvs",
                "moduleName": "YEOLiveness",
                "genericSig": "<τ_0_0 where τ_0_0 : YEOLiveness.YEOLivenessConfigurable>",
                "sugared_genericSig": "<Self where Self : YEOLiveness.YEOLivenessConfigurable>",
                "protocolReq": true,
                "reqNewWitnessTableEntry": true,
                "accessorKind": "set"
              },
              {
                "kind": "Accessor",
                "name": "Modify",
                "printedName": "Modify()",
                "children": [
                  {
                    "kind": "TypeNominal",
                    "name": "Void",
                    "printedName": "()"
                  }
                ],
                "declKind": "Accessor",
                "usr": "s:11YEOLiveness0A12ConfigurableP10EMATimeoutSdvM",
                "mangledName": "$s11YEOLiveness0A12ConfigurableP10EMATimeoutSdvM",
                "moduleName": "YEOLiveness",
                "genericSig": "<τ_0_0 where τ_0_0 : YEOLiveness.YEOLivenessConfigurable>",
                "sugared_genericSig": "<Self where Self : YEOLiveness.YEOLivenessConfigurable>",
                "protocolReq": true,
                "implicit": true,
                "reqNewWitnessTableEntry": true,
                "accessorKind": "_modify"
              }
            ]
          },
          {
            "kind": "Var",
            "name": "requiredIMGWidth",
            "printedName": "requiredIMGWidth",
            "children": [
              {
                "kind": "TypeNominal",
                "name": "Int",
                "printedName": "Swift.Int",
                "usr": "s:Si"
              }
            ],
            "declKind": "Var",
            "usr": "s:11YEOLiveness0A12ConfigurableP16requiredIMGWidthSivp",
            "mangledName": "$s11YEOLiveness0A12ConfigurableP16requiredIMGWidthSivp",
            "moduleName": "YEOLiveness",
            "protocolReq": true,
            "accessors": [
              {
                "kind": "Accessor",
                "name": "Get",
                "printedName": "Get()",
                "children": [
                  {
                    "kind": "TypeNominal",
                    "name": "Int",
                    "printedName": "Swift.Int",
                    "usr": "s:Si"
                  }
                ],
                "declKind": "Accessor",
                "usr": "s:11YEOLiveness0A12ConfigurableP16requiredIMGWidthSivg",
                "mangledName": "$s11YEOLiveness0A12ConfigurableP16requiredIMGWidthSivg",
                "moduleName": "YEOLiveness",
                "genericSig": "<τ_0_0 where τ_0_0 : YEOLiveness.YEOLivenessConfigurable>",
                "sugared_genericSig": "<Self where Self : YEOLiveness.YEOLivenessConfigurable>",
                "protocolReq": true,
                "reqNewWitnessTableEntry": true,
                "accessorKind": "get"
              },
              {
                "kind": "Accessor",
                "name": "Set",
                "printedName": "Set()",
                "children": [
                  {
                    "kind": "TypeNominal",
                    "name": "Void",
                    "printedName": "()"
                  },
                  {
                    "kind": "TypeNominal",
                    "name": "Int",
                    "printedName": "Swift.Int",
                    "usr": "s:Si"
                  }
                ],
                "declKind": "Accessor",
                "usr": "s:11YEOLiveness0A12ConfigurableP16requiredIMGWidthSivs",
                "mangledName": "$s11YEOLiveness0A12ConfigurableP16requiredIMGWidthSivs",
                "moduleName": "YEOLiveness",
                "genericSig": "<τ_0_0 where τ_0_0 : YEOLiveness.YEOLivenessConfigurable>",
                "sugared_genericSig": "<Self where Self : YEOLiveness.YEOLivenessConfigurable>",
                "protocolReq": true,
                "reqNewWitnessTableEntry": true,
                "accessorKind": "set"
              },
              {
                "kind": "Accessor",
                "name": "Modify",
                "printedName": "Modify()",
                "children": [
                  {
                    "kind": "TypeNominal",
                    "name": "Void",
                    "printedName": "()"
                  }
                ],
                "declKind": "Accessor",
                "usr": "s:11YEOLiveness0A12ConfigurableP16requiredIMGWidthSivM",
                "mangledName": "$s11YEOLiveness0A12ConfigurableP16requiredIMGWidthSivM",
                "moduleName": "YEOLiveness",
                "genericSig": "<τ_0_0 where τ_0_0 : YEOLiveness.YEOLivenessConfigurable>",
                "sugared_genericSig": "<Self where Self : YEOLiveness.YEOLivenessConfigurable>",
                "protocolReq": true,
                "implicit": true,
                "reqNewWitnessTableEntry": true,
                "accessorKind": "_modify"
              }
            ]
          },
          {
            "kind": "Var",
            "name": "requiredIMGHeight",
            "printedName": "requiredIMGHeight",
            "children": [
              {
                "kind": "TypeNominal",
                "name": "Int",
                "printedName": "Swift.Int",
                "usr": "s:Si"
              }
            ],
            "declKind": "Var",
            "usr": "s:11YEOLiveness0A12ConfigurableP17requiredIMGHeightSivp",
            "mangledName": "$s11YEOLiveness0A12ConfigurableP17requiredIMGHeightSivp",
            "moduleName": "YEOLiveness",
            "protocolReq": true,
            "accessors": [
              {
                "kind": "Accessor",
                "name": "Get",
                "printedName": "Get()",
                "children": [
                  {
                    "kind": "TypeNominal",
                    "name": "Int",
                    "printedName": "Swift.Int",
                    "usr": "s:Si"
                  }
                ],
                "declKind": "Accessor",
                "usr": "s:11YEOLiveness0A12ConfigurableP17requiredIMGHeightSivg",
                "mangledName": "$s11YEOLiveness0A12ConfigurableP17requiredIMGHeightSivg",
                "moduleName": "YEOLiveness",
                "genericSig": "<τ_0_0 where τ_0_0 : YEOLiveness.YEOLivenessConfigurable>",
                "sugared_genericSig": "<Self where Self : YEOLiveness.YEOLivenessConfigurable>",
                "protocolReq": true,
                "reqNewWitnessTableEntry": true,
                "accessorKind": "get"
              },
              {
                "kind": "Accessor",
                "name": "Set",
                "printedName": "Set()",
                "children": [
                  {
                    "kind": "TypeNominal",
                    "name": "Void",
                    "printedName": "()"
                  },
                  {
                    "kind": "TypeNominal",
                    "name": "Int",
                    "printedName": "Swift.Int",
                    "usr": "s:Si"
                  }
                ],
                "declKind": "Accessor",
                "usr": "s:11YEOLiveness0A12ConfigurableP17requiredIMGHeightSivs",
                "mangledName": "$s11YEOLiveness0A12ConfigurableP17requiredIMGHeightSivs",
                "moduleName": "YEOLiveness",
                "genericSig": "<τ_0_0 where τ_0_0 : YEOLiveness.YEOLivenessConfigurable>",
                "sugared_genericSig": "<Self where Self : YEOLiveness.YEOLivenessConfigurable>",
                "protocolReq": true,
                "reqNewWitnessTableEntry": true,
                "accessorKind": "set"
              },
              {
                "kind": "Accessor",
                "name": "Modify",
                "printedName": "Modify()",
                "children": [
                  {
                    "kind": "TypeNominal",
                    "name": "Void",
                    "printedName": "()"
                  }
                ],
                "declKind": "Accessor",
                "usr": "s:11YEOLiveness0A12ConfigurableP17requiredIMGHeightSivM",
                "mangledName": "$s11YEOLiveness0A12ConfigurableP17requiredIMGHeightSivM",
                "moduleName": "YEOLiveness",
                "genericSig": "<τ_0_0 where τ_0_0 : YEOLiveness.YEOLivenessConfigurable>",
                "sugared_genericSig": "<Self where Self : YEOLiveness.YEOLivenessConfigurable>",
                "protocolReq": true,
                "implicit": true,
                "reqNewWitnessTableEntry": true,
                "accessorKind": "_modify"
              }
            ]
          }
        ],
        "declKind": "Protocol",
        "usr": "s:11YEOLiveness0A12ConfigurableP",
        "mangledName": "$s11YEOLiveness0A12ConfigurableP",
        "moduleName": "YEOLiveness",
        "declAttributes": [
          "AccessControl"
        ],
        "conformances": [
          {
            "kind": "Conformance",
            "name": "Escapable",
            "printedName": "Escapable",
            "usr": "s:s9EscapableP",
            "mangledName": "$ss9EscapableP"
          },
          {
            "kind": "Conformance",
            "name": "Copyable",
            "printedName": "Copyable",
            "usr": "s:s8CopyableP",
            "mangledName": "$ss8CopyableP"
          }
        ]
      },
      {
        "kind": "TypeDecl",
        "name": "YEOLivenessConfig",
        "printedName": "YEOLivenessConfig",
        "children": [
          {
            "kind": "Var",
            "name": "EMAThreshold",
            "printedName": "EMAThreshold",
            "children": [
              {
                "kind": "TypeNominal",
                "name": "Float",
                "printedName": "Swift.Float",
                "usr": "s:Sf"
              }
            ],
            "declKind": "Var",
            "usr": "s:11YEOLiveness0A6ConfigV12EMAThresholdSfvp",
            "mangledName": "$s11YEOLiveness0A6ConfigV12EMAThresholdSfvp",
            "moduleName": "YEOLiveness",
            "declAttributes": [
              "HasStorage",
              "AccessControl"
            ],
            "hasStorage": true,
            "accessors": [
              {
                "kind": "Accessor",
                "name": "Get",
                "printedName": "Get()",
                "children": [
                  {
                    "kind": "TypeNominal",
                    "name": "Float",
                    "printedName": "Swift.Float",
                    "usr": "s:Sf"
                  }
                ],
                "declKind": "Accessor",
                "usr": "s:11YEOLiveness0A6ConfigV12EMAThresholdSfvg",
                "mangledName": "$s11YEOLiveness0A6ConfigV12EMAThresholdSfvg",
                "moduleName": "YEOLiveness",
                "implicit": true,
                "accessorKind": "get"
              },
              {
                "kind": "Accessor",
                "name": "Set",
                "printedName": "Set()",
                "children": [
                  {
                    "kind": "TypeNominal",
                    "name": "Void",
                    "printedName": "()"
                  },
                  {
                    "kind": "TypeNominal",
                    "name": "Float",
                    "printedName": "Swift.Float",
                    "usr": "s:Sf"
                  }
                ],
                "declKind": "Accessor",
                "usr": "s:11YEOLiveness0A6ConfigV12EMAThresholdSfvs",
                "mangledName": "$s11YEOLiveness0A6ConfigV12EMAThresholdSfvs",
                "moduleName": "YEOLiveness",
                "implicit": true,
                "accessorKind": "set"
              },
              {
                "kind": "Accessor",
                "name": "Modify",
                "printedName": "Modify()",
                "children": [
                  {
                    "kind": "TypeNominal",
                    "name": "Void",
                    "printedName": "()"
                  }
                ],
                "declKind": "Accessor",
                "usr": "s:11YEOLiveness0A6ConfigV12EMAThresholdSfvM",
                "mangledName": "$s11YEOLiveness0A6ConfigV12EMAThresholdSfvM",
                "moduleName": "YEOLiveness",
                "implicit": true,
                "accessorKind": "_modify"
              }
            ]
          },
          {
            "kind": "Var",
            "name": "EMAThresholdDuration",
            "printedName": "EMAThresholdDuration",
            "children": [
              {
                "kind": "TypeNominal",
                "name": "Double",
                "printedName": "Swift.Double",
                "usr": "s:Sd"
              }
            ],
            "declKind": "Var",
            "usr": "s:11YEOLiveness0A6ConfigV20EMAThresholdDurationSdvp",
            "mangledName": "$s11YEOLiveness0A6ConfigV20EMAThresholdDurationSdvp",
            "moduleName": "YEOLiveness",
            "declAttributes": [
              "HasStorage",
              "AccessControl"
            ],
            "hasStorage": true,
            "accessors": [
              {
                "kind": "Accessor",
                "name": "Get",
                "printedName": "Get()",
                "children": [
                  {
                    "kind": "TypeNominal",
                    "name": "Double",
                    "printedName": "Swift.Double",
                    "usr": "s:Sd"
                  }
                ],
                "declKind": "Accessor",
                "usr": "s:11YEOLiveness0A6ConfigV20EMAThresholdDurationSdvg",
                "mangledName": "$s11YEOLiveness0A6ConfigV20EMAThresholdDurationSdvg",
                "moduleName": "YEOLiveness",
                "implicit": true,
                "accessorKind": "get"
              },
              {
                "kind": "Accessor",
                "name": "Set",
                "printedName": "Set()",
                "children": [
                  {
                    "kind": "TypeNominal",
                    "name": "Void",
                    "printedName": "()"
                  },
                  {
                    "kind": "TypeNominal",
                    "name": "Double",
                    "printedName": "Swift.Double",
                    "usr": "s:Sd"
                  }
                ],
                "declKind": "Accessor",
                "usr": "s:11YEOLiveness0A6ConfigV20EMAThresholdDurationSdvs",
                "mangledName": "$s11YEOLiveness0A6ConfigV20EMAThresholdDurationSdvs",
                "moduleName": "YEOLiveness",
                "implicit": true,
                "accessorKind": "set"
              },
              {
                "kind": "Accessor",
                "name": "Modify",
                "printedName": "Modify()",
                "children": [
                  {
                    "kind": "TypeNominal",
                    "name": "Void",
                    "printedName": "()"
                  }
                ],
                "declKind": "Accessor",
                "usr": "s:11YEOLiveness0A6ConfigV20EMAThresholdDurationSdvM",
                "mangledName": "$s11YEOLiveness0A6ConfigV20EMAThresholdDurationSdvM",
                "moduleName": "YEOLiveness",
                "implicit": true,
                "accessorKind": "_modify"
              }
            ]
          },
          {
            "kind": "Var",
            "name": "EMAScore",
            "printedName": "EMAScore",
            "children": [
              {
                "kind": "TypeNominal",
                "name": "Float",
                "printedName": "Swift.Float",
                "usr": "s:Sf"
              }
            ],
            "declKind": "Var",
            "usr": "s:11YEOLiveness0A6ConfigV8EMAScoreSfvp",
            "mangledName": "$s11YEOLiveness0A6ConfigV8EMAScoreSfvp",
            "moduleName": "YEOLiveness",
            "declAttributes": [
              "HasStorage",
              "AccessControl"
            ],
            "hasStorage": true,
            "accessors": [
              {
                "kind": "Accessor",
                "name": "Get",
                "printedName": "Get()",
                "children": [
                  {
                    "kind": "TypeNominal",
                    "name": "Float",
                    "printedName": "Swift.Float",
                    "usr": "s:Sf"
                  }
                ],
                "declKind": "Accessor",
                "usr": "s:11YEOLiveness0A6ConfigV8EMAScoreSfvg",
                "mangledName": "$s11YEOLiveness0A6ConfigV8EMAScoreSfvg",
                "moduleName": "YEOLiveness",
                "implicit": true,
                "accessorKind": "get"
              },
              {
                "kind": "Accessor",
                "name": "Set",
                "printedName": "Set()",
                "children": [
                  {
                    "kind": "TypeNominal",
                    "name": "Void",
                    "printedName": "()"
                  },
                  {
                    "kind": "TypeNominal",
                    "name": "Float",
                    "printedName": "Swift.Float",
                    "usr": "s:Sf"
                  }
                ],
                "declKind": "Accessor",
                "usr": "s:11YEOLiveness0A6ConfigV8EMAScoreSfvs",
                "mangledName": "$s11YEOLiveness0A6ConfigV8EMAScoreSfvs",
                "moduleName": "YEOLiveness",
                "implicit": true,
                "accessorKind": "set"
              },
              {
                "kind": "Accessor",
                "name": "Modify",
                "printedName": "Modify()",
                "children": [
                  {
                    "kind": "TypeNominal",
                    "name": "Void",
                    "printedName": "()"
                  }
                ],
                "declKind": "Accessor",
                "usr": "s:11YEOLiveness0A6ConfigV8EMAScoreSfvM",
                "mangledName": "$s11YEOLiveness0A6ConfigV8EMAScoreSfvM",
                "moduleName": "YEOLiveness",
                "implicit": true,
                "accessorKind": "_modify"
              }
            ]
          },
          {
            "kind": "Var",
            "name": "EMAAlpha",
            "printedName": "EMAAlpha",
            "children": [
              {
                "kind": "TypeNominal",
                "name": "Float",
                "printedName": "Swift.Float",
                "usr": "s:Sf"
              }
            ],
            "declKind": "Var",
            "usr": "s:11YEOLiveness0A6ConfigV8EMAAlphaSfvp",
            "mangledName": "$s11YEOLiveness0A6ConfigV8EMAAlphaSfvp",
            "moduleName": "YEOLiveness",
            "declAttributes": [
              "HasStorage",
              "AccessControl"
            ],
            "hasStorage": true,
            "accessors": [
              {
                "kind": "Accessor",
                "name": "Get",
                "printedName": "Get()",
                "children": [
                  {
                    "kind": "TypeNominal",
                    "name": "Float",
                    "printedName": "Swift.Float",
                    "usr": "s:Sf"
                  }
                ],
                "declKind": "Accessor",
                "usr": "s:11YEOLiveness0A6ConfigV8EMAAlphaSfvg",
                "mangledName": "$s11YEOLiveness0A6ConfigV8EMAAlphaSfvg",
                "moduleName": "YEOLiveness",
                "implicit": true,
                "accessorKind": "get"
              },
              {
                "kind": "Accessor",
                "name": "Set",
                "printedName": "Set()",
                "children": [
                  {
                    "kind": "TypeNominal",
                    "name": "Void",
                    "printedName": "()"
                  },
                  {
                    "kind": "TypeNominal",
                    "name": "Float",
                    "printedName": "Swift.Float",
                    "usr": "s:Sf"
                  }
                ],
                "declKind": "Accessor",
                "usr": "s:11YEOLiveness0A6ConfigV8EMAAlphaSfvs",
                "mangledName": "$s11YEOLiveness0A6ConfigV8EMAAlphaSfvs",
                "moduleName": "YEOLiveness",
                "implicit": true,
                "accessorKind": "set"
              },
              {
                "kind": "Accessor",
                "name": "Modify",
                "printedName": "Modify()",
                "children": [
                  {
                    "kind": "TypeNominal",
                    "name": "Void",
                    "printedName": "()"
                  }
                ],
                "declKind": "Accessor",
                "usr": "s:11YEOLiveness0A6ConfigV8EMAAlphaSfvM",
                "mangledName": "$s11YEOLiveness0A6ConfigV8EMAAlphaSfvM",
                "moduleName": "YEOLiveness",
                "implicit": true,
                "accessorKind": "_modify"
              }
            ]
          },
          {
            "kind": "Var",
            "name": "EMATimeout",
            "printedName": "EMATimeout",
            "children": [
              {
                "kind": "TypeNominal",
                "name": "Double",
                "printedName": "Swift.Double",
                "usr": "s:Sd"
              }
            ],
            "declKind": "Var",
            "usr": "s:11YEOLiveness0A6ConfigV10EMATimeoutSdvp",
            "mangledName": "$s11YEOLiveness0A6ConfigV10EMATimeoutSdvp",
            "moduleName": "YEOLiveness",
            "declAttributes": [
              "HasStorage",
              "AccessControl"
            ],
            "hasStorage": true,
            "accessors": [
              {
                "kind": "Accessor",
                "name": "Get",
                "printedName": "Get()",
                "children": [
                  {
                    "kind": "TypeNominal",
                    "name": "Double",
                    "printedName": "Swift.Double",
                    "usr": "s:Sd"
                  }
                ],
                "declKind": "Accessor",
                "usr": "s:11YEOLiveness0A6ConfigV10EMATimeoutSdvg",
                "mangledName": "$s11YEOLiveness0A6ConfigV10EMATimeoutSdvg",
                "moduleName": "YEOLiveness",
                "implicit": true,
                "accessorKind": "get"
              },
              {
                "kind": "Accessor",
                "name": "Set",
                "printedName": "Set()",
                "children": [
                  {
                    "kind": "TypeNominal",
                    "name": "Void",
                    "printedName": "()"
                  },
                  {
                    "kind": "TypeNominal",
                    "name": "Double",
                    "printedName": "Swift.Double",
                    "usr": "s:Sd"
                  }
                ],
                "declKind": "Accessor",
                "usr": "s:11YEOLiveness0A6ConfigV10EMATimeoutSdvs",
                "mangledName": "$s11YEOLiveness0A6ConfigV10EMATimeoutSdvs",
                "moduleName": "YEOLiveness",
                "implicit": true,
                "accessorKind": "set"
              },
              {
                "kind": "Accessor",
                "name": "Modify",
                "printedName": "Modify()",
                "children": [
                  {
                    "kind": "TypeNominal",
                    "name": "Void",
                    "printedName": "()"
                  }
                ],
                "declKind": "Accessor",
                "usr": "s:11YEOLiveness0A6ConfigV10EMATimeoutSdvM",
                "mangledName": "$s11YEOLiveness0A6ConfigV10EMATimeoutSdvM",
                "moduleName": "YEOLiveness",
                "implicit": true,
                "accessorKind": "_modify"
              }
            ]
          },
          {
            "kind": "Var",
            "name": "requiredIMGWidth",
            "printedName": "requiredIMGWidth",
            "children": [
              {
                "kind": "TypeNominal",
                "name": "Int",
                "printedName": "Swift.Int",
                "usr": "s:Si"
              }
            ],
            "declKind": "Var",
            "usr": "s:11YEOLiveness0A6ConfigV16requiredIMGWidthSivp",
            "mangledName": "$s11YEOLiveness0A6ConfigV16requiredIMGWidthSivp",
            "moduleName": "YEOLiveness",
            "declAttributes": [
              "HasStorage",
              "AccessControl"
            ],
            "hasStorage": true,
            "accessors": [
              {
                "kind": "Accessor",
                "name": "Get",
                "printedName": "Get()",
                "children": [
                  {
                    "kind": "TypeNominal",
                    "name": "Int",
                    "printedName": "Swift.Int",
                    "usr": "s:Si"
                  }
                ],
                "declKind": "Accessor",
                "usr": "s:11YEOLiveness0A6ConfigV16requiredIMGWidthSivg",
                "mangledName": "$s11YEOLiveness0A6ConfigV16requiredIMGWidthSivg",
                "moduleName": "YEOLiveness",
                "implicit": true,
                "accessorKind": "get"
              },
              {
                "kind": "Accessor",
                "name": "Set",
                "printedName": "Set()",
                "children": [
                  {
                    "kind": "TypeNominal",
                    "name": "Void",
                    "printedName": "()"
                  },
                  {
                    "kind": "TypeNominal",
                    "name": "Int",
                    "printedName": "Swift.Int",
                    "usr": "s:Si"
                  }
                ],
                "declKind": "Accessor",
                "usr": "s:11YEOLiveness0A6ConfigV16requiredIMGWidthSivs",
                "mangledName": "$s11YEOLiveness0A6ConfigV16requiredIMGWidthSivs",
                "moduleName": "YEOLiveness",
                "implicit": true,
                "accessorKind": "set"
              },
              {
                "kind": "Accessor",
                "name": "Modify",
                "printedName": "Modify()",
                "children": [
                  {
                    "kind": "TypeNominal",
                    "name": "Void",
                    "printedName": "()"
                  }
                ],
                "declKind": "Accessor",
                "usr": "s:11YEOLiveness0A6ConfigV16requiredIMGWidthSivM",
                "mangledName": "$s11YEOLiveness0A6ConfigV16requiredIMGWidthSivM",
                "moduleName": "YEOLiveness",
                "implicit": true,
                "accessorKind": "_modify"
              }
            ]
          },
          {
            "kind": "Var",
            "name": "requiredIMGHeight",
            "printedName": "requiredIMGHeight",
            "children": [
              {
                "kind": "TypeNominal",
                "name": "Int",
                "printedName": "Swift.Int",
                "usr": "s:Si"
              }
            ],
            "declKind": "Var",
            "usr": "s:11YEOLiveness0A6ConfigV17requiredIMGHeightSivp",
            "mangledName": "$s11YEOLiveness0A6ConfigV17requiredIMGHeightSivp",
            "moduleName": "YEOLiveness",
            "declAttributes": [
              "HasStorage",
              "AccessControl"
            ],
            "hasStorage": true,
            "accessors": [
              {
                "kind": "Accessor",
                "name": "Get",
                "printedName": "Get()",
                "children": [
                  {
                    "kind": "TypeNominal",
                    "name": "Int",
                    "printedName": "Swift.Int",
                    "usr": "s:Si"
                  }
                ],
                "declKind": "Accessor",
                "usr": "s:11YEOLiveness0A6ConfigV17requiredIMGHeightSivg",
                "mangledName": "$s11YEOLiveness0A6ConfigV17requiredIMGHeightSivg",
                "moduleName": "YEOLiveness",
                "implicit": true,
                "accessorKind": "get"
              },
              {
                "kind": "Accessor",
                "name": "Set",
                "printedName": "Set()",
                "children": [
                  {
                    "kind": "TypeNominal",
                    "name": "Void",
                    "printedName": "()"
                  },
                  {
                    "kind": "TypeNominal",
                    "name": "Int",
                    "printedName": "Swift.Int",
                    "usr": "s:Si"
                  }
                ],
                "declKind": "Accessor",
                "usr": "s:11YEOLiveness0A6ConfigV17requiredIMGHeightSivs",
                "mangledName": "$s11YEOLiveness0A6ConfigV17requiredIMGHeightSivs",
                "moduleName": "YEOLiveness",
                "implicit": true,
                "accessorKind": "set"
              },
              {
                "kind": "Accessor",
                "name": "Modify",
                "printedName": "Modify()",
                "children": [
                  {
                    "kind": "TypeNominal",
                    "name": "Void",
                    "printedName": "()"
                  }
                ],
                "declKind": "Accessor",
                "usr": "s:11YEOLiveness0A6ConfigV17requiredIMGHeightSivM",
                "mangledName": "$s11YEOLiveness0A6ConfigV17requiredIMGHeightSivM",
                "moduleName": "YEOLiveness",
                "implicit": true,
                "accessorKind": "_modify"
              }
            ]
          }
        ],
        "declKind": "Struct",
        "usr": "s:11YEOLiveness0A6ConfigV",
        "mangledName": "$s11YEOLiveness0A6ConfigV",
        "moduleName": "YEOLiveness",
        "declAttributes": [
          "AccessControl"
        ],
        "conformances": [
          {
            "kind": "Conformance",
            "name": "Copyable",
            "printedName": "Copyable",
            "usr": "s:s8CopyableP",
            "mangledName": "$ss8CopyableP"
          },
          {
            "kind": "Conformance",
            "name": "Escapable",
            "printedName": "Escapable",
            "usr": "s:s9EscapableP",
            "mangledName": "$ss9EscapableP"
          },
          {
            "kind": "Conformance",
            "name": "YEOLivenessConfigurable",
            "printedName": "YEOLivenessConfigurable",
            "usr": "s:11YEOLiveness0A12ConfigurableP",
            "mangledName": "$s11YEOLiveness0A12ConfigurableP"
          }
        ]
      },
      {
        "kind": "Import",
        "name": "Vision",
        "printedName": "Vision",
        "declKind": "Import",
        "moduleName": "YEOLiveness",
        "declAttributes": [
          "RawDocComment"
        ]
      },
      {
        "kind": "TypeDecl",
        "name": "LivenessParameters",
        "printedName": "LivenessParameters",
        "children": [
          {
            "kind": "Var",
            "name": "id",
            "printedName": "id",
            "children": [
              {
                "kind": "TypeNominal",
                "name": "Int",
                "printedName": "Swift.Int",
                "usr": "s:Si"
              }
            ],
            "declKind": "Var",
            "usr": "s:11YEOLiveness18LivenessParametersV2idSivp",
            "mangledName": "$s11YEOLiveness18LivenessParametersV2idSivp",
            "moduleName": "YEOLiveness",
            "declAttributes": [
              "HasStorage",
              "AccessControl",
              "RawDocComment"
            ],
            "isLet": true,
            "hasStorage": true,
            "accessors": [
              {
                "kind": "Accessor",
                "name": "Get",
                "printedName": "Get()",
                "children": [
                  {
                    "kind": "TypeNominal",
                    "name": "Int",
                    "printedName": "Swift.Int",
                    "usr": "s:Si"
                  }
                ],
                "declKind": "Accessor",
                "usr": "s:11YEOLiveness18LivenessParametersV2idSivg",
                "mangledName": "$s11YEOLiveness18LivenessParametersV2idSivg",
                "moduleName": "YEOLiveness",
                "implicit": true,
                "accessorKind": "get"
              }
            ]
          },
          {
            "kind": "Var",
            "name": "croppedFace",
            "printedName": "croppedFace",
            "children": [
              {
                "kind": "TypeNominal",
                "name": "CVBuffer",
                "printedName": "CoreVideo.CVBuffer",
                "usr": "c:@T@CVBufferRef"
              }
            ],
            "declKind": "Var",
            "usr": "s:11YEOLiveness18LivenessParametersV11croppedFaceSo11CVBufferRefavp",
            "mangledName": "$s11YEOLiveness18LivenessParametersV11croppedFaceSo11CVBufferRefavp",
            "moduleName": "YEOLiveness",
            "declAttributes": [
              "HasStorage",
              "AccessControl"
            ],
            "isLet": true,
            "hasStorage": true,
            "accessors": [
              {
                "kind": "Accessor",
                "name": "Get",
                "printedName": "Get()",
                "children": [
                  {
                    "kind": "TypeNominal",
                    "name": "CVBuffer",
                    "printedName": "CoreVideo.CVBuffer",
                    "usr": "c:@T@CVBufferRef"
                  }
                ],
                "declKind": "Accessor",
                "usr": "s:11YEOLiveness18LivenessParametersV11croppedFaceSo11CVBufferRefavg",
                "mangledName": "$s11YEOLiveness18LivenessParametersV11croppedFaceSo11CVBufferRefavg",
                "moduleName": "YEOLiveness",
                "implicit": true,
                "accessorKind": "get"
              }
            ]
          },
          {
            "kind": "Constructor",
            "name": "init",
            "printedName": "init(id:croppedFace:)",
            "children": [
              {
                "kind": "TypeNominal",
                "name": "LivenessParameters",
                "printedName": "YEOLiveness.LivenessParameters",
                "usr": "s:11YEOLiveness18LivenessParametersV"
              },
              {
                "kind": "TypeNominal",
                "name": "Int",
                "printedName": "Swift.Int",
                "usr": "s:Si"
              },
              {
                "kind": "TypeNominal",
                "name": "CVBuffer",
                "printedName": "CoreVideo.CVBuffer",
                "usr": "c:@T@CVBufferRef"
              }
            ],
            "declKind": "Constructor",
            "usr": "s:11YEOLiveness18LivenessParametersV2id11croppedFaceACSi_So11CVBufferRefatcfc",
            "mangledName": "$s11YEOLiveness18LivenessParametersV2id11croppedFaceACSi_So11CVBufferRefatcfc",
            "moduleName": "YEOLiveness",
            "declAttributes": [
              "AccessControl"
            ],
            "init_kind": "Designated"
          },
          {
            "kind": "Function",
            "name": "==",
            "printedName": "==(_:_:)",
            "children": [
              {
                "kind": "TypeNominal",
                "name": "Bool",
                "printedName": "Swift.Bool",
                "usr": "s:Sb"
              },
              {
                "kind": "TypeNominal",
                "name": "LivenessParameters",
                "printedName": "YEOLiveness.LivenessParameters",
                "usr": "s:11YEOLiveness18LivenessParametersV"
              },
              {
                "kind": "TypeNominal",
                "name": "LivenessParameters",
                "printedName": "YEOLiveness.LivenessParameters",
                "usr": "s:11YEOLiveness18LivenessParametersV"
              }
            ],
            "declKind": "Func",
            "usr": "s:11YEOLiveness18LivenessParametersV2eeoiySbAC_ACtFZ",
            "mangledName": "$s11YEOLiveness18LivenessParametersV2eeoiySbAC_ACtFZ",
            "moduleName": "YEOLiveness",
            "static": true,
            "declAttributes": [
              "AccessControl"
            ],
            "funcSelfKind": "NonMutating"
          }
        ],
        "declKind": "Struct",
        "usr": "s:11YEOLiveness18LivenessParametersV",
        "mangledName": "$s11YEOLiveness18LivenessParametersV",
        "moduleName": "YEOLiveness",
        "declAttributes": [
          "AccessControl"
        ],
        "conformances": [
          {
            "kind": "Conformance",
            "name": "Copyable",
            "printedName": "Copyable",
            "usr": "s:s8CopyableP",
            "mangledName": "$ss8CopyableP"
          },
          {
            "kind": "Conformance",
            "name": "Escapable",
            "printedName": "Escapable",
            "usr": "s:s9EscapableP",
            "mangledName": "$ss9EscapableP"
          },
          {
            "kind": "Conformance",
            "name": "Equatable",
            "printedName": "Equatable",
            "usr": "s:SQ",
            "mangledName": "$sSQ"
          }
        ]
      },
      {
        "kind": "Import",
        "name": "UIKit",
        "printedName": "UIKit",
        "declKind": "Import",
        "moduleName": "YEOLiveness",
        "declAttributes": [
          "RawDocComment"
        ]
      },
      {
        "kind": "Import",
        "name": "CoreVideo",
        "printedName": "CoreVideo",
        "declKind": "Import",
        "moduleName": "YEOLiveness"
      },
      {
        "kind": "Import",
        "name": "CoreGraphics",
        "printedName": "CoreGraphics",
        "declKind": "Import",
        "moduleName": "YEOLiveness"
      },
      {
        "kind": "Import",
        "name": "CoreImage",
        "printedName": "CoreImage",
        "declKind": "Import",
        "moduleName": "YEOLiveness"
      },
      {
        "kind": "TypeDecl",
        "name": "YEOHelpers",
        "printedName": "YEOHelpers",
        "children": [
          {
            "kind": "Function",
            "name": "softmax",
            "printedName": "softmax(_:)",
            "children": [
              {
                "kind": "TypeNominal",
                "name": "Array",
                "printedName": "[Swift.Float]",
                "children": [
                  {
                    "kind": "TypeNominal",
                    "name": "Float",
                    "printedName": "Swift.Float",
                    "usr": "s:Sf"
                  }
                ],
                "usr": "s:Sa"
              },
              {
                "kind": "TypeNominal",
                "name": "Array",
                "printedName": "[Swift.Float]",
                "children": [
                  {
                    "kind": "TypeNominal",
                    "name": "Float",
                    "printedName": "Swift.Float",
                    "usr": "s:Sf"
                  }
                ],
                "usr": "s:Sa"
              }
            ],
            "declKind": "Func",
            "usr": "s:11YEOLiveness10YEOHelpersO7softmaxySaySfGAEFZ",
            "mangledName": "$s11YEOLiveness10YEOHelpersO7softmaxySaySfGAEFZ",
            "moduleName": "YEOLiveness",
            "static": true,
            "declAttributes": [
              "AccessControl"
            ],
            "funcSelfKind": "NonMutating"
          },
          {
            "kind": "Function",
            "name": "savePixelBufferToPNG",
            "printedName": "savePixelBufferToPNG(_:to:)",
            "children": [
              {
                "kind": "TypeNominal",
                "name": "Bool",
                "printedName": "Swift.Bool",
                "usr": "s:Sb"
              },
              {
                "kind": "TypeNominal",
                "name": "CVBuffer",
                "printedName": "CoreVideo.CVBuffer",
                "usr": "c:@T@CVBufferRef"
              },
              {
                "kind": "TypeNominal",
                "name": "URL",
                "printedName": "Foundation.URL",
                "usr": "s:10Foundation3URLV"
              }
            ],
            "declKind": "Func",
            "usr": "s:11YEOLiveness10YEOHelpersO20savePixelBufferToPNG_2toSbSo11CVBufferRefa_10Foundation3URLVtFZ",
            "mangledName": "$s11YEOLiveness10YEOHelpersO20savePixelBufferToPNG_2toSbSo11CVBufferRefa_10Foundation3URLVtFZ",
            "moduleName": "YEOLiveness",
            "static": true,
            "declAttributes": [
              "AccessControl",
              "DiscardableResult",
              "RawDocComment"
            ],
            "funcSelfKind": "NonMutating"
          },
          {
            "kind": "Function",
            "name": "cropFaceFromARGB32Buffer",
            "printedName": "cropFaceFromARGB32Buffer(buffer:imageWidth:imageHeight:scanLine:rect:)",
            "children": [
              {
                "kind": "TypeNominal",
                "name": "Optional",
                "printedName": "CoreVideo.CVBuffer?",
                "children": [
                  {
                    "kind": "TypeNominal",
                    "name": "CVBuffer",
                    "printedName": "CoreVideo.CVBuffer",
                    "usr": "c:@T@CVBufferRef"
                  }
                ],
                "usr": "s:Sq"
              },
              {
                "kind": "TypeNominal",
                "name": "UnsafeMutableRawPointer",
                "printedName": "Swift.UnsafeMutableRawPointer",
                "usr": "s:Sv"
              },
              {
                "kind": "TypeNominal",
                "name": "Int",
                "printedName": "Swift.Int",
                "usr": "s:Si"
              },
              {
                "kind": "TypeNominal",
                "name": "Int",
                "printedName": "Swift.Int",
                "usr": "s:Si"
              },
              {
                "kind": "TypeNominal",
                "name": "Int",
                "printedName": "Swift.Int",
                "usr": "s:Si"
              },
              {
                "kind": "TypeNominal",
                "name": "CGRect",
                "printedName": "CoreFoundation.CGRect",
                "usr": "c:@S@CGRect"
              }
            ],
            "declKind": "Func",
            "usr": "s:11YEOLiveness10YEOHelpersO24cropFaceFromARGB32Buffer6buffer10imageWidth0I6Height8scanLine4rectSo11CVBufferRefaSgSv_S3iSo6CGRectVtFZ",
            "mangledName": "$s11YEOLiveness10YEOHelpersO24cropFaceFromARGB32Buffer6buffer10imageWidth0I6Height8scanLine4rectSo11CVBufferRefaSgSv_S3iSo6CGRectVtFZ",
            "moduleName": "YEOLiveness",
            "static": true,
            "declAttributes": [
              "AccessControl",
              "RawDocComment"
            ],
            "funcSelfKind": "NonMutating"
          },
          {
            "kind": "Function",
            "name": "scaleCroppedPixelBufferToModelInput",
            "printedName": "scaleCroppedPixelBufferToModelInput(_:convertToRGB:)",
            "children": [
              {
                "kind": "TypeNominal",
                "name": "Optional",
                "printedName": "CoreVideo.CVBuffer?",
                "children": [
                  {
                    "kind": "TypeNominal",
                    "name": "CVBuffer",
                    "printedName": "CoreVideo.CVBuffer",
                    "usr": "c:@T@CVBufferRef"
                  }
                ],
                "usr": "s:Sq"
              },
              {
                "kind": "TypeNominal",
                "name": "CVBuffer",
                "printedName": "CoreVideo.CVBuffer",
                "usr": "c:@T@CVBufferRef"
              },
              {
                "kind": "TypeNominal",
                "name": "Bool",
                "printedName": "Swift.Bool",
                "hasDefaultArg": true,
                "usr": "s:Sb"
              }
            ],
            "declKind": "Func",
            "usr": "s:11YEOLiveness10YEOHelpersO35scaleCroppedPixelBufferToModelInput_07convertG3RGBSo11CVBufferRefaSgAG_SbtFZ",
            "mangledName": "$s11YEOLiveness10YEOHelpersO35scaleCroppedPixelBufferToModelInput_07convertG3RGBSo11CVBufferRefaSgAG_SbtFZ",
            "moduleName": "YEOLiveness",
            "static": true,
            "declAttributes": [
              "AccessControl",
              "RawDocComment"
            ],
            "funcSelfKind": "NonMutating"
          }
        ],
        "declKind": "Enum",
        "usr": "s:11YEOLiveness10YEOHelpersO",
        "mangledName": "$s11YEOLiveness10YEOHelpersO",
        "moduleName": "YEOLiveness",
        "declAttributes": [
          "AccessControl"
        ],
        "conformances": [
          {
            "kind": "Conformance",
            "name": "Copyable",
            "printedName": "Copyable",
            "usr": "s:s8CopyableP",
            "mangledName": "$ss8CopyableP"
          },
          {
            "kind": "Conformance",
            "name": "Escapable",
            "printedName": "Escapable",
            "usr": "s:s9EscapableP",
            "mangledName": "$ss9EscapableP"
          }
        ]
      },
      {
        "kind": "TypeDecl",
        "name": "YEOLivenessResult",
        "printedName": "YEOLivenessResult",
        "children": [
          {
            "kind": "Var",
            "name": "id",
            "printedName": "id",
            "children": [
              {
                "kind": "TypeNominal",
                "name": "Int",
                "printedName": "Swift.Int",
                "usr": "s:Si"
              }
            ],
            "declKind": "Var",
            "usr": "s:11YEOLiveness0A6ResultV2idSivp",
            "mangledName": "$s11YEOLiveness0A6ResultV2idSivp",
            "moduleName": "YEOLiveness",
            "declAttributes": [
              "HasStorage",
              "AccessControl",
              "RawDocComment"
            ],
            "hasStorage": true,
            "accessors": [
              {
                "kind": "Accessor",
                "name": "Get",
                "printedName": "Get()",
                "children": [
                  {
                    "kind": "TypeNominal",
                    "name": "Int",
                    "printedName": "Swift.Int",
                    "usr": "s:Si"
                  }
                ],
                "declKind": "Accessor",
                "usr": "s:11YEOLiveness0A6ResultV2idSivg",
                "mangledName": "$s11YEOLiveness0A6ResultV2idSivg",
                "moduleName": "YEOLiveness",
                "implicit": true,
                "accessorKind": "get"
              },
              {
                "kind": "Accessor",
                "name": "Set",
                "printedName": "Set()",
                "children": [
                  {
                    "kind": "TypeNominal",
                    "name": "Void",
                    "printedName": "()"
                  },
                  {
                    "kind": "TypeNominal",
                    "name": "Int",
                    "printedName": "Swift.Int",
                    "usr": "s:Si"
                  }
                ],
                "declKind": "Accessor",
                "usr": "s:11YEOLiveness0A6ResultV2idSivs",
                "mangledName": "$s11YEOLiveness0A6ResultV2idSivs",
                "moduleName": "YEOLiveness",
                "implicit": true,
                "accessorKind": "set"
              },
              {
                "kind": "Accessor",
                "name": "Modify",
                "printedName": "Modify()",
                "children": [
                  {
                    "kind": "TypeNominal",
                    "name": "Void",
                    "printedName": "()"
                  }
                ],
                "declKind": "Accessor",
                "usr": "s:11YEOLiveness0A6ResultV2idSivM",
                "mangledName": "$s11YEOLiveness0A6ResultV2idSivM",
                "moduleName": "YEOLiveness",
                "implicit": true,
                "accessorKind": "_modify"
              }
            ]
          },
          {
            "kind": "Var",
            "name": "currentEMAConfidence",
            "printedName": "currentEMAConfidence",
            "children": [
              {
                "kind": "TypeNominal",
                "name": "Optional",
                "printedName": "Swift.Float?",
                "children": [
                  {
                    "kind": "TypeNominal",
                    "name": "Float",
                    "printedName": "Swift.Float",
                    "usr": "s:Sf"
                  }
                ],
                "usr": "s:Sq"
              }
            ],
            "declKind": "Var",
            "usr": "s:11YEOLiveness0A6ResultV20currentEMAConfidenceSfSgvp",
            "mangledName": "$s11YEOLiveness0A6ResultV20currentEMAConfidenceSfSgvp",
            "moduleName": "YEOLiveness",
            "declAttributes": [
              "HasInitialValue",
              "HasStorage",
              "AccessControl",
              "RawDocComment"
            ],
            "hasStorage": true,
            "accessors": [
              {
                "kind": "Accessor",
                "name": "Get",
                "printedName": "Get()",
                "children": [
                  {
                    "kind": "TypeNominal",
                    "name": "Optional",
                    "printedName": "Swift.Float?",
                    "children": [
                      {
                        "kind": "TypeNominal",
                        "name": "Float",
                        "printedName": "Swift.Float",
                        "usr": "s:Sf"
                      }
                    ],
                    "usr": "s:Sq"
                  }
                ],
                "declKind": "Accessor",
                "usr": "s:11YEOLiveness0A6ResultV20currentEMAConfidenceSfSgvg",
                "mangledName": "$s11YEOLiveness0A6ResultV20currentEMAConfidenceSfSgvg",
                "moduleName": "YEOLiveness",
                "implicit": true,
                "accessorKind": "get"
              },
              {
                "kind": "Accessor",
                "name": "Set",
                "printedName": "Set()",
                "children": [
                  {
                    "kind": "TypeNominal",
                    "name": "Void",
                    "printedName": "()"
                  },
                  {
                    "kind": "TypeNominal",
                    "name": "Optional",
                    "printedName": "Swift.Float?",
                    "children": [
                      {
                        "kind": "TypeNominal",
                        "name": "Float",
                        "printedName": "Swift.Float",
                        "usr": "s:Sf"
                      }
                    ],
                    "usr": "s:Sq"
                  }
                ],
                "declKind": "Accessor",
                "usr": "s:11YEOLiveness0A6ResultV20currentEMAConfidenceSfSgvs",
                "mangledName": "$s11YEOLiveness0A6ResultV20currentEMAConfidenceSfSgvs",
                "moduleName": "YEOLiveness",
                "implicit": true,
                "accessorKind": "set"
              },
              {
                "kind": "Accessor",
                "name": "Modify",
                "printedName": "Modify()",
                "children": [
                  {
                    "kind": "TypeNominal",
                    "name": "Void",
                    "printedName": "()"
                  }
                ],
                "declKind": "Accessor",
                "usr": "s:11YEOLiveness0A6ResultV20currentEMAConfidenceSfSgvM",
                "mangledName": "$s11YEOLiveness0A6ResultV20currentEMAConfidenceSfSgvM",
                "moduleName": "YEOLiveness",
                "implicit": true,
                "accessorKind": "_modify"
              }
            ]
          },
          {
            "kind": "Var",
            "name": "error",
            "printedName": "error",
            "children": [
              {
                "kind": "TypeNominal",
                "name": "Optional",
                "printedName": "(any Swift.Error)?",
                "children": [
                  {
                    "kind": "TypeNominal",
                    "name": "Error",
                    "printedName": "any Swift.Error",
                    "usr": "s:s5ErrorP"
                  }
                ],
                "usr": "s:Sq"
              }
            ],
            "declKind": "Var",
            "usr": "s:11YEOLiveness0A6ResultV5errors5Error_pSgvp",
            "mangledName": "$s11YEOLiveness0A6ResultV5errors5Error_pSgvp",
            "moduleName": "YEOLiveness",
            "declAttributes": [
              "HasInitialValue",
              "HasStorage",
              "AccessControl",
              "RawDocComment"
            ],
            "hasStorage": true,
            "accessors": [
              {
                "kind": "Accessor",
                "name": "Get",
                "printedName": "Get()",
                "children": [
                  {
                    "kind": "TypeNominal",
                    "name": "Optional",
                    "printedName": "(any Swift.Error)?",
                    "children": [
                      {
                        "kind": "TypeNominal",
                        "name": "Error",
                        "printedName": "any Swift.Error",
                        "usr": "s:s5ErrorP"
                      }
                    ],
                    "usr": "s:Sq"
                  }
                ],
                "declKind": "Accessor",
                "usr": "s:11YEOLiveness0A6ResultV5errors5Error_pSgvg",
                "mangledName": "$s11YEOLiveness0A6ResultV5errors5Error_pSgvg",
                "moduleName": "YEOLiveness",
                "implicit": true,
                "accessorKind": "get"
              },
              {
                "kind": "Accessor",
                "name": "Set",
                "printedName": "Set()",
                "children": [
                  {
                    "kind": "TypeNominal",
                    "name": "Void",
                    "printedName": "()"
                  },
                  {
                    "kind": "TypeNominal",
                    "name": "Optional",
                    "printedName": "(any Swift.Error)?",
                    "children": [
                      {
                        "kind": "TypeNominal",
                        "name": "Error",
                        "printedName": "any Swift.Error",
                        "usr": "s:s5ErrorP"
                      }
                    ],
                    "usr": "s:Sq"
                  }
                ],
                "declKind": "Accessor",
                "usr": "s:11YEOLiveness0A6ResultV5errors5Error_pSgvs",
                "mangledName": "$s11YEOLiveness0A6ResultV5errors5Error_pSgvs",
                "moduleName": "YEOLiveness",
                "implicit": true,
                "accessorKind": "set"
              },
              {
                "kind": "Accessor",
                "name": "Modify",
                "printedName": "Modify()",
                "children": [
                  {
                    "kind": "TypeNominal",
                    "name": "Void",
                    "printedName": "()"
                  }
                ],
                "declKind": "Accessor",
                "usr": "s:11YEOLiveness0A6ResultV5errors5Error_pSgvM",
                "mangledName": "$s11YEOLiveness0A6ResultV5errors5Error_pSgvM",
                "moduleName": "YEOLiveness",
                "implicit": true,
                "accessorKind": "_modify"
              }
            ]
          },
          {
            "kind": "Function",
            "name": "==",
            "printedName": "==(_:_:)",
            "children": [
              {
                "kind": "TypeNominal",
                "name": "Bool",
                "printedName": "Swift.Bool",
                "usr": "s:Sb"
              },
              {
                "kind": "TypeNominal",
                "name": "YEOLivenessResult",
                "printedName": "YEOLiveness.YEOLivenessResult",
                "usr": "s:11YEOLiveness0A6ResultV"
              },
              {
                "kind": "TypeNominal",
                "name": "YEOLivenessResult",
                "printedName": "YEOLiveness.YEOLivenessResult",
                "usr": "s:11YEOLiveness0A6ResultV"
              }
            ],
            "declKind": "Func",
            "usr": "s:11YEOLiveness0A6ResultV2eeoiySbAC_ACtFZ",
            "mangledName": "$s11YEOLiveness0A6ResultV2eeoiySbAC_ACtFZ",
            "moduleName": "YEOLiveness",
            "static": true,
            "declAttributes": [
              "AccessControl"
            ],
            "funcSelfKind": "NonMutating"
          }
        ],
        "declKind": "Struct",
        "usr": "s:11YEOLiveness0A6ResultV",
        "mangledName": "$s11YEOLiveness0A6ResultV",
        "moduleName": "YEOLiveness",
        "declAttributes": [
          "AccessControl",
          "RawDocComment"
        ],
        "conformances": [
          {
            "kind": "Conformance",
            "name": "Copyable",
            "printedName": "Copyable",
            "usr": "s:s8CopyableP",
            "mangledName": "$ss8CopyableP"
          },
          {
            "kind": "Conformance",
            "name": "Escapable",
            "printedName": "Escapable",
            "usr": "s:s9EscapableP",
            "mangledName": "$ss9EscapableP"
          },
          {
            "kind": "Conformance",
            "name": "Equatable",
            "printedName": "Equatable",
            "usr": "s:SQ",
            "mangledName": "$sSQ"
          }
        ]
      },
      {
        "kind": "Import",
        "name": "CoreML",
        "printedName": "CoreML",
        "declKind": "Import",
        "moduleName": "YEOLiveness",
        "declAttributes": [
          "RawDocComment"
        ]
      },
      {
        "kind": "TypeDecl",
        "name": "YEOLivenessSDK",
        "printedName": "YEOLivenessSDK",
        "children": [
          {
            "kind": "Var",
            "name": "shared",
            "printedName": "shared",
            "children": [
              {
                "kind": "TypeNominal",
                "name": "YEOLivenessSDK",
                "printedName": "YEOLiveness.YEOLivenessSDK",
                "usr": "s:11YEOLiveness0A3SDKC"
              }
            ],
            "declKind": "Var",
            "usr": "s:11YEOLiveness0A3SDKC6sharedACvpZ",
            "mangledName": "$s11YEOLiveness0A3SDKC6sharedACvpZ",
            "moduleName": "YEOLiveness",
            "static": true,
            "declAttributes": [
              "HasInitialValue",
              "Final",
              "HasStorage",
              "AccessControl",
              "RawDocComment"
            ],
            "isLet": true,
            "hasStorage": true,
            "accessors": [
              {
                "kind": "Accessor",
                "name": "Get",
                "printedName": "Get()",
                "children": [
                  {
                    "kind": "TypeNominal",
                    "name": "YEOLivenessSDK",
                    "printedName": "YEOLiveness.YEOLivenessSDK",
                    "usr": "s:11YEOLiveness0A3SDKC"
                  }
                ],
                "declKind": "Accessor",
                "usr": "s:11YEOLiveness0A3SDKC6sharedACvgZ",
                "mangledName": "$s11YEOLiveness0A3SDKC6sharedACvgZ",
                "moduleName": "YEOLiveness",
                "static": true,
                "implicit": true,
                "declAttributes": [
                  "Final"
                ],
                "accessorKind": "get"
              }
            ]
          },
          {
            "kind": "Var",
            "name": "version",
            "printedName": "version",
            "children": [
              {
                "kind": "TypeNominal",
                "name": "String",
                "printedName": "Swift.String",
                "usr": "s:SS"
              }
            ],
            "declKind": "Var",
            "usr": "s:11YEOLiveness0A3SDKC7versionSSvpZ",
            "mangledName": "$s11YEOLiveness0A3SDKC7versionSSvpZ",
            "moduleName": "YEOLiveness",
            "static": true,
            "declAttributes": [
              "HasInitialValue",
              "Final",
              "HasStorage",
              "AccessControl",
              "RawDocComment"
            ],
            "isLet": true,
            "hasStorage": true,
            "accessors": [
              {
                "kind": "Accessor",
                "name": "Get",
                "printedName": "Get()",
                "children": [
                  {
                    "kind": "TypeNominal",
                    "name": "String",
                    "printedName": "Swift.String",
                    "usr": "s:SS"
                  }
                ],
                "declKind": "Accessor",
                "usr": "s:11YEOLiveness0A3SDKC7versionSSvgZ",
                "mangledName": "$s11YEOLiveness0A3SDKC7versionSSvgZ",
                "moduleName": "YEOLiveness",
                "static": true,
                "implicit": true,
                "declAttributes": [
                  "Final"
                ],
                "accessorKind": "get"
              }
            ]
          },
          {
            "kind": "Var",
            "name": "config",
            "printedName": "config",
            "children": [
              {
                "kind": "TypeNominal",
                "name": "YEOLivenessConfigurable",
                "printedName": "any YEOLiveness.YEOLivenessConfigurable",
                "usr": "s:11YEOLiveness0A12ConfigurableP"
              }
            ],
            "declKind": "Var",
            "usr": "s:11YEOLiveness0A3SDKC6configAA0A12Configurable_pvp",
            "mangledName": "$s11YEOLiveness0A3SDKC6configAA0A12Configurable_pvp",
            "moduleName": "YEOLiveness",
            "declAttributes": [
              "HasInitialValue",
              "Final",
              "HasStorage",
              "AccessControl",
              "RawDocComment"
            ],
            "hasStorage": true,
            "accessors": [
              {
                "kind": "Accessor",
                "name": "Get",
                "printedName": "Get()",
                "children": [
                  {
                    "kind": "TypeNominal",
                    "name": "YEOLivenessConfigurable",
                    "printedName": "any YEOLiveness.YEOLivenessConfigurable",
                    "usr": "s:11YEOLiveness0A12ConfigurableP"
                  }
                ],
                "declKind": "Accessor",
                "usr": "s:11YEOLiveness0A3SDKC6configAA0A12Configurable_pvg",
                "mangledName": "$s11YEOLiveness0A3SDKC6configAA0A12Configurable_pvg",
                "moduleName": "YEOLiveness",
                "implicit": true,
                "declAttributes": [
                  "Final"
                ],
                "accessorKind": "get"
              },
              {
                "kind": "Accessor",
                "name": "Set",
                "printedName": "Set()",
                "children": [
                  {
                    "kind": "TypeNominal",
                    "name": "Void",
                    "printedName": "()"
                  },
                  {
                    "kind": "TypeNominal",
                    "name": "YEOLivenessConfigurable",
                    "printedName": "any YEOLiveness.YEOLivenessConfigurable",
                    "usr": "s:11YEOLiveness0A12ConfigurableP"
                  }
                ],
                "declKind": "Accessor",
                "usr": "s:11YEOLiveness0A3SDKC6configAA0A12Configurable_pvs",
                "mangledName": "$s11YEOLiveness0A3SDKC6configAA0A12Configurable_pvs",
                "moduleName": "YEOLiveness",
                "implicit": true,
                "declAttributes": [
                  "Final"
                ],
                "accessorKind": "set"
              },
              {
                "kind": "Accessor",
                "name": "Modify",
                "printedName": "Modify()",
                "children": [
                  {
                    "kind": "TypeNominal",
                    "name": "Void",
                    "printedName": "()"
                  }
                ],
                "declKind": "Accessor",
                "usr": "s:11YEOLiveness0A3SDKC6configAA0A12Configurable_pvM",
                "mangledName": "$s11YEOLiveness0A3SDKC6configAA0A12Configurable_pvM",
                "moduleName": "YEOLiveness",
                "implicit": true,
                "declAttributes": [
                  "Final"
                ],
                "accessorKind": "_modify"
              }
            ]
          },
          {
            "kind": "Var",
            "name": "onSpoofDetected",
            "printedName": "onSpoofDetected",
            "children": [
              {
                "kind": "TypeNominal",
                "name": "Optional",
                "printedName": "((Swift.Int) -> ())?",
                "children": [
                  {
                    "kind": "TypeFunc",
                    "name": "Function",
                    "printedName": "(Swift.Int) -> ()",
                    "children": [
                      {
                        "kind": "TypeNominal",
                        "name": "Void",
                        "printedName": "()"
                      },
                      {
                        "kind": "TypeNominal",
                        "name": "Int",
                        "printedName": "Swift.Int",
                        "usr": "s:Si"
                      }
                    ]
                  }
                ],
                "usr": "s:Sq"
              }
            ],
            "declKind": "Var",
            "usr": "s:11YEOLiveness0A3SDKC15onSpoofDetectedySicSgvp",
            "mangledName": "$s11YEOLiveness0A3SDKC15onSpoofDetectedySicSgvp",
            "moduleName": "YEOLiveness",
            "declAttributes": [
              "HasInitialValue",
              "Final",
              "HasStorage",
              "AccessControl",
              "RawDocComment"
            ],
            "hasStorage": true,
            "accessors": [
              {
                "kind": "Accessor",
                "name": "Get",
                "printedName": "Get()",
                "children": [
                  {
                    "kind": "TypeNominal",
                    "name": "Optional",
                    "printedName": "((Swift.Int) -> ())?",
                    "children": [
                      {
                        "kind": "TypeFunc",
                        "name": "Function",
                        "printedName": "(Swift.Int) -> ()",
                        "children": [
                          {
                            "kind": "TypeNominal",
                            "name": "Void",
                            "printedName": "()"
                          },
                          {
                            "kind": "TypeNominal",
                            "name": "Int",
                            "printedName": "Swift.Int",
                            "usr": "s:Si"
                          }
                        ]
                      }
                    ],
                    "usr": "s:Sq"
                  }
                ],
                "declKind": "Accessor",
                "usr": "s:11YEOLiveness0A3SDKC15onSpoofDetectedySicSgvg",
                "mangledName": "$s11YEOLiveness0A3SDKC15onSpoofDetectedySicSgvg",
                "moduleName": "YEOLiveness",
                "implicit": true,
                "declAttributes": [
                  "Final"
                ],
                "accessorKind": "get"
              },
              {
                "kind": "Accessor",
                "name": "Set",
                "printedName": "Set()",
                "children": [
                  {
                    "kind": "TypeNominal",
                    "name": "Void",
                    "printedName": "()"
                  },
                  {
                    "kind": "TypeNominal",
                    "name": "Optional",
                    "printedName": "((Swift.Int) -> ())?",
                    "children": [
                      {
                        "kind": "TypeFunc",
                        "name": "Function",
                        "printedName": "(Swift.Int) -> ()",
                        "children": [
                          {
                            "kind": "TypeNominal",
                            "name": "Void",
                            "printedName": "()"
                          },
                          {
                            "kind": "TypeNominal",
                            "name": "Int",
                            "printedName": "Swift.Int",
                            "usr": "s:Si"
                          }
                        ]
                      }
                    ],
                    "usr": "s:Sq"
                  }
                ],
                "declKind": "Accessor",
                "usr": "s:11YEOLiveness0A3SDKC15onSpoofDetectedySicSgvs",
                "mangledName": "$s11YEOLiveness0A3SDKC15onSpoofDetectedySicSgvs",
                "moduleName": "YEOLiveness",
                "implicit": true,
                "declAttributes": [
                  "Final"
                ],
                "accessorKind": "set"
              },
              {
                "kind": "Accessor",
                "name": "Modify",
                "printedName": "Modify()",
                "children": [
                  {
                    "kind": "TypeNominal",
                    "name": "Void",
                    "printedName": "()"
                  }
                ],
                "declKind": "Accessor",
                "usr": "s:11YEOLiveness0A3SDKC15onSpoofDetectedySicSgvM",
                "mangledName": "$s11YEOLiveness0A3SDKC15onSpoofDetectedySicSgvM",
                "moduleName": "YEOLiveness",
                "implicit": true,
                "declAttributes": [
                  "Final"
                ],
                "accessorKind": "_modify"
              }
            ]
          },
          {
            "kind": "Function",
            "name": "runLivenessCheck",
            "printedName": "runLivenessCheck(params:)",
            "children": [
              {
                "kind": "TypeNominal",
                "name": "YEOLivenessResult",
                "printedName": "YEOLiveness.YEOLivenessResult",
                "usr": "s:11YEOLiveness0A6ResultV"
              },
              {
                "kind": "TypeNominal",
                "name": "LivenessParameters",
                "printedName": "YEOLiveness.LivenessParameters",
                "usr": "s:11YEOLiveness18LivenessParametersV"
              }
            ],
            "declKind": "Func",
            "usr": "s:11YEOLiveness0A3SDKC16runLivenessCheck6paramsAA0A6ResultVAA0D10ParametersV_tF",
            "mangledName": "$s11YEOLiveness0A3SDKC16runLivenessCheck6paramsAA0A6ResultVAA0D10ParametersV_tF",
            "moduleName": "YEOLiveness",
            "declAttributes": [
              "Final",
              "AccessControl",
              "RawDocComment"
            ],
            "funcSelfKind": "NonMutating"
          }
        ],
        "declKind": "Class",
        "usr": "s:11YEOLiveness0A3SDKC",
        "mangledName": "$s11YEOLiveness0A3SDKC",
        "moduleName": "YEOLiveness",
        "declAttributes": [
          "Final",
          "AccessControl"
        ],
        "hasMissingDesignatedInitializers": true,
        "conformances": [
          {
            "kind": "Conformance",
            "name": "Copyable",
            "printedName": "Copyable",
            "usr": "s:s8CopyableP",
            "mangledName": "$ss8CopyableP"
          },
          {
            "kind": "Conformance",
            "name": "Escapable",
            "printedName": "Escapable",
            "usr": "s:s9EscapableP",
            "mangledName": "$ss9EscapableP"
          }
        ]
      },
      {
        "kind": "Import",
        "name": "CoreML",
        "printedName": "CoreML",
        "declKind": "Import",
        "moduleName": "YEOLiveness",
        "declAttributes": [
          "RawDocComment"
        ]
      }
    ],
    "json_format_version": 8
  },
  "ConstValues": [
    {
      "filePath": "\/Users\/eli\/Desktop\/programming\/work\/yeo\/dev\/YEOLiveness\/YEOLiveness\/LivenessConfig.swift",
      "kind": "FloatLiteral",
      "offset": 229,
      "length": 3,
      "value": "0.3"
    },
    {
      "filePath": "\/Users\/eli\/Desktop\/programming\/work\/yeo\/dev\/YEOLiveness\/YEOLiveness\/LivenessConfig.swift",
      "kind": "FloatLiteral",
      "offset": 335,
      "length": 3,
      "value": "2.0"
    },
    {
      "filePath": "\/Users\/eli\/Desktop\/programming\/work\/yeo\/dev\/YEOLiveness\/YEOLiveness\/LivenessConfig.swift",
      "kind": "FloatLiteral",
      "offset": 429,
      "length": 3,
      "value": "1.0"
    },
    {
      "filePath": "\/Users\/eli\/Desktop\/programming\/work\/yeo\/dev\/YEOLiveness\/YEOLiveness\/LivenessConfig.swift",
      "kind": "FloatLiteral",
      "offset": 510,
      "length": 3,
      "value": "0.1"
    },
    {
      "filePath": "\/Users\/eli\/Desktop\/programming\/work\/yeo\/dev\/YEOLiveness\/YEOLiveness\/LivenessConfig.swift",
      "kind": "FloatLiteral",
      "offset": 595,
      "length": 3,
      "value": "1.5"
    },
    {
      "filePath": "\/Users\/eli\/Desktop\/programming\/work\/yeo\/dev\/YEOLiveness\/YEOLiveness\/LivenessConfig.swift",
      "kind": "IntegerLiteral",
      "offset": 740,
      "length": 2,
      "value": "80"
    },
    {
      "filePath": "\/Users\/eli\/Desktop\/programming\/work\/yeo\/dev\/YEOLiveness\/YEOLiveness\/LivenessConfig.swift",
      "kind": "IntegerLiteral",
      "offset": 841,
      "length": 2,
      "value": "80"
    },
    {
      "filePath": "\/Users\/eli\/Desktop\/programming\/work\/yeo\/dev\/YEOLiveness\/YEOLiveness\/YEOHelpers.swift",
      "kind": "FloatLiteral",
      "offset": 288,
      "length": 3,
      "value": "0.0"
    },
    {
      "filePath": "\/Users\/eli\/Desktop\/programming\/work\/yeo\/dev\/YEOLiveness\/YEOLiveness\/YEOHelpers.swift",
      "kind": "IntegerLiteral",
      "offset": 388,
      "length": 1,
      "value": "0"
    },
    {
      "filePath": "\/Users\/eli\/Desktop\/programming\/work\/yeo\/dev\/YEOLiveness\/YEOLiveness\/YEOHelpers.swift",
      "kind": "BooleanLiteral",
      "offset": 4867,
      "length": 4,
      "value": "true"
    },
    {
      "filePath": "\/Users\/eli\/Desktop\/programming\/work\/yeo\/dev\/YEOLiveness\/YEOLiveness\/YEOLivenessSDK.swift",
      "kind": "StringLiteral",
      "offset": 338,
      "length": 7,
      "value": "\"0.0.1\""
    },
    {
      "filePath": "\/Users\/eli\/Desktop\/programming\/work\/yeo\/dev\/YEOLiveness\/YEOLiveness\/YEOLivenessSDK.swift",
      "kind": "Dictionary",
      "offset": 723,
      "length": 3,
      "value": "[]"
    },
    {
      "filePath": "\/Users\/eli\/Desktop\/programming\/work\/yeo\/dev\/YEOLiveness\/YEOLiveness\/YEOLivenessSDK.swift",
      "kind": "Dictionary",
      "offset": 820,
      "length": 3,
      "value": "[]"
    },
    {
      "filePath": "\/Users\/eli\/Desktop\/programming\/work\/yeo\/dev\/YEOLiveness\/YEOLiveness\/YEOLivenessSDK.swift",
      "kind": "Dictionary",
      "offset": 958,
      "length": 3,
      "value": "[]"
    },
    {
      "filePath": "\/Users\/eli\/Library\/Developer\/Xcode\/DerivedData\/YEOLiveness-bgdxnjtqsrlrxqbvjsivjffdxuvy\/Build\/Intermediates.noindex\/ArchiveIntermediates\/YEOLiveness\/IntermediateBuildFilesPath\/YEOLiveness.build\/Release-iphoneos\/YEOLiveness.build\/DerivedSources\/CoreMLGenerated\/MiniFASNet80x80\/MiniFASNet80x80.swift",
      "kind": "Array",
      "offset": 452,
      "length": 16,
      "value": "[\"cropped_face\"]"
    }
  ]
}