[
  {
    "metadataOutputVersion" : "3.0",
    "storagePrecision" : "Float16",
    "outputSchema" : [
      {
        "hasShapeFlexibility" : "0",
        "isOptional" : "0",
        "dataType" : "Float32",
        "formattedType" : "MultiArray (Float32 1 × 3)",
        "shortDescription" : "",
        "shape" : "[1, 3]",
        "name" : "var_930",
        "type" : "MultiArray"
      }
    ],
    "modelParameters" : [

    ],
    "specificationVersion" : 6,
    "mlProgramOperationTypeHistogram" : {
      "Linear" : 2,
      "Cast" : 2,
      "Conv" : 49,
      "Prelu" : 33,
      "Mul" : 1,
      "Add" : 12,
      "ExpandDims" : 1,
      "BatchNorm" : 1,
      "Reshape" : 1,
      "Squeeze" : 1
    },
    "computePrecision" : "Mixed (Float16, Float32, Int32)",
    "isUpdatable" : "0",
    "stateSchema" : [

    ],
    "availability" : {
      "macOS" : "12.0",
      "tvOS" : "15.0",
      "visionOS" : "1.0",
      "watchOS" : "8.0",
      "iOS" : "15.0",
      "macCatalyst" : "15.0"
    },
    "modelType" : {
      "name" : "MLModelType_mlProgram"
    },
    "userDefinedMetadata" : {
      "com.github.apple.coremltools.version" : "8.3.0",
      "com.github.apple.coremltools.source" : "torch==2.8.0",
      "com.github.apple.coremltools.source_dialect" : "TorchScript"
    },
    "inputSchema" : [
      {
        "height" : "80",
        "colorspace" : "RGB",
        "isOptional" : "0",
        "width" : "80",
        "isColor" : "1",
        "formattedType" : "Image (Color 80 × 80)",
        "hasSizeFlexibility" : "0",
        "type" : "Image",
        "shortDescription" : "",
        "name" : "cropped_face"
      }
    ],
    "generatedClassName" : "MiniFASNet80x80",
    "method" : "predict"
  }
]